Título da Obra;isbn;qualis
"""Experiência democrática, sistema político e participação popular""";9790000000000 ;L1
#Democraciabr: o momento político atual;9790000000000 ;L1
. Direito Constitucional, Direitos Humanos e Direito Internacional;9790000000000 ;L2
. Paradiplomacia em Movimento: perspectivas em homenagem aos 20 anos de atuação da Rede Mercocidades;9790000000000 ;L2
?Hacia Una Mutación de la Democracia?;9790000000000 ;L2
¿Atlántico vs. Pacífico?: América Latina y el Caribe, los cambios regionales y los desafíos globales-Anuario de la Integración Regional de America Latina y el Caribe;9803171968 ;L2
¿Hacia dónde va la universidad en el siglo XXI?;9786074019575 ;L3
1964: do golpe à democracia;9788577154036 ;L1
2003-2013: Uma nova política externa;9788583880233 ;L3
2014: año de elecciones;9790000000000 ;L2
2016, o ano do Golpe;9788595000025 ;L1
2016, o ano do golpe;9788595000025 ;L1
21st Century Democracy Promotion in the Americas. Standing up for the Polity;9780000000000 ;L1
25 ANOS DA CONSTITUICãO BRASILEIRA DE 1988: DEMOCRACIA E DIREITOS FUNDAMENTAIS NO ESTADO DEMOCRÁTICO DE DIREITO;9790000000000 ;L1
450 ANOS DO RIO DE JANEIRO - Perspectiva plurais, visões singulares;9788572040099 ;L1
50 anos do Golpe Civil-MilitarA Igreja e a Universidade;9790000000000 ;L1
60 Desafios do Direito - Política, Democracia e Direito;9790000000000 ;L1
9º Encontro da Associação Brasileira de Ciência Política (ABCP), 2014, Brasília - DF. Anais Eletrônicos -;9790000000000 ;NC
A (IN)SEGURANÇA DA ÁFRICA E SUA IMPORTÂNCIA PARA A DEFESA DO BRASIL;9788566094206 ;L3
A (in)segurança da África e sua importância para a defesa do Brasil;9788566094206 ;L3
A África e as Potências Emergentes: Nova Partilha ou Cooperação Sul-Sul?;9790000000000 ;L2
A África no Século XXI: Um Ensaio Acadêmico;9790000000000 ;L2
A AGENDA DE DEFESA DO BRASIL PARA A AMÉRICA DO SUL;9790000000000 ;L3
A América Latina no Mundo, Desenvolvimento regional e governança internacional;9788531414558 ;L2
A Batalha do livre comércio: a construção de redes transnacionais da sociedade civil nas américas;9790000000000 ;L4
A Bolívia no Século XXI: Estado Plurinacional, Mudança de Elites e (Pluri)Nacionalismo;9788547300692 ;L2
A Ciência na Rio+20: uma visão para o futuro - Forum de ciência, tecnologia & inovação para o desenvolvimento sustentável.;9790000000000 ;L2
A Ciência Política no Brasil 1960-2015;9788522518852 ;L3
A CORRUPÇÃO DA OPINIÃO PÚBLICA;9790000000000 ;L2
A Defesa do Ouro Negro da Amazônia Azul;9788559750010 ;L3
A democracia face às desigualdades;9790000000000 ;L1
A Democracia Face às Desigualdades;8579393396 ;L1
A descentralização das ações públicas em debate: contornos da problemática e experiências catarinenses;9788574749204 ;L2
A desconfiança política e os seus impactos na qualidade da democracia;8531414180 ;L4
A ditadura que mudou o Brasil: 50 anos do golpe de 1964;9790000000000 ;L2
A economia de Angola nos espaços austrais;9790000000000 ;L1
A EDUCAÇÃO REFLEXIVA NA TEORIA SOCIAL DE PIERRE BOURDIEU;9790000000000 ;L1
A Educaçâo Superior na América Latina e os desafios do século XXI;9790000000000 ;L2
A EMPRESA RADAR E A ESPECULAÇÃO COM TERRAS NO BRASIL;9790000000000 ;L1
A Era Chávez e a Venezuela no Tempo Presente;9790000000000 ;L4
À espera da verdade: empresários, juristas e elite transnacional ¿ histórias de civis que fizeram a ditadura militar;9788579393471 ;L1
A estratégia naval brasileira no pós-Guerra Fria. Uma análise comparativa com foco em Submarinos;9788585966256 ;L3
A forma da República: da Constituição Mista ao Estado.;9788578277147 ;L1
A formação técnica em Minas Gerais: análise da oferta e demanda- 2015;9790000000000 ;L1
A Guerra e a Formação dos Estados Nacionais Contemporâneos;9790000000000 ;L1
A história das ciências e os saberes na Amazônia. Séculos XIX e XX;9788599274507 ;L1
A Identidade Nacional em Questão;9788539107773 ;L2
A Independência Norte-Americana: Guerra, Revolução e Logística;9790000000000 ;L3
A internacional do capital financeiro;9788576432587 ;L1
A INTERNACIONALIZAÇÃO DO BRASIL NA ERA DA GLOBALIZAÇÃO;9790000000000 ;L1
A legitimidade do Poder Judiciário no Regime Democrático: Uma reflexão no pós- positivismo;9790000000000 ;L1
A Lei n. 10.639/2003: pesquisas e debates;9790000000000 ;L2
A lógica das eleições municipais;9788522518395 ;L2
A metrópole de São Paulo no século XXI: espaços heterogeneidades e desigualdades;9790000000000 ;L3
A ONU aos 70: contribuições, desafios e perspectivas.;9788582880999 ;L3
A poítica pública como campo multidisciplinar;9790000000000 ;L1
A política externa brasileira e a integração regional: uma análise a partir do Mercosul;10000000000000 ;L2
A Qualidade da Democracia no Brasil: questões teóricas e metodológicas da pesquisa;9788544409466 ;L3
A REFORMA POLÍTICA E O FINANCIAMENTO DAS CAMPANHAS ELEITORAIS;9790000000000 ;L1
A Reinvenção do Desenvolvimento: agências multilaterais e produção sociológica;9788523215453 ;L3
A relação Brasil-África: prestígio, cooperação ou negócios?;9788576089803 ;L3
A Relevância da Ciência Política - Comentários à contribuição de Olavo Brasil de Lima Jr;9790000000000 ;L1
A República revisitada: construção e consolidação do projeto republicano brasileiro;9788539708239 ;L2
A Sudene no sistema federativo brasileiro:ascensão e queda de uma instituição;9790000000000 ;L1
A Teoria do Discurso de Ernesto Laclau: ensaios críticos e entrevistas;9790000000000 ;L3
A TEORIA ECONÔMICA NA OBRA BRESSER-PEREIRA;9790000000000 ;L1
A União Europeia alargada em tempos de novos desafios;9788575041895 ;L2
A via democrática: como o desenvolvimento econômico e social ocorre no Brasil;9790000000000 ;L3
Abordagem em Ciência, Tecnologia e Sociedade;9790000000000 ;L3
Aborto e democracia;9788579393624 ;L3
Acción colectiva, gestión territorial y gobernanza democrática en Bogotá;9790000000000 ;L3
Ações afirmativas no Brasil: reflexões e desafios para a pós-graduação;9788524925139 ;L3
"Adrán Bonilla Soria; Grace Jaramillo. (Org.). La Celac en el escenario contemporáneo de América Latina y el Caribe. 1ed.San Jose: FLACSO-CAF, v. 1";97900000000002000 ;L4
Advocacia Pública Novos Tempos;9790000000000 ;L1
África e a estratégia nacional;9788598059297 ;L1
Almanaque do Bicentenário de Pelotas;9790000000000 ;L2
AMAZÔNIA E ATLÂNTICO SUL. DESAFIOS E PERSPECTIVAS PARA A DEFESA NO BRASIL;9790000000000 ;L2
AMAZÔNIA NA AGENDA AMBIENTAL GLOBAL;9788588984 ;L4
América Latina na contemporaneidade: desafios, oportunidades e riscos;9790000000000 ;L2
América Latina y El Caribe - China Economía, Comercio e Inversiones;9790000000000 ;L3
América Latina y El Caribe - China: Relaciones Políticas e Internacionales;9790000000000 ;L3
América Latina y el Caribe y el nuevo sistema internacional: Miradas desde el Sur;13170953 ;L3
América Latina, China y Estados Unidos: Perspectivas Latinoamerianas de las Relaciones Internacionales en el Siglo XXI;9790000000000 ;L2
Anais do 11o. Congresso de Extensão da UFRJ;9790000000000 ;NC
ANAIS DO IX SEMINÁRIO INTERNACIONAL SOBRE EMIGRAÇÃO PORTUGUESA PARA O BRASIL;2175909X;NC
ANAIS DO IX SEMINÁRIO INTERNACIONAL SOBRE EMIGRAÇÃO PORTUGUESA PARA O BRASIL;9790000000000 ;NC
Anais do XV Congresso Internacional do FoMerco;2359687200 ;NC
Anais III Semana de Ciência Política;23584165 ;NC
ANÁLISE DA INFORMAÇÃO PARA TOMADA DE DECISÃO: desafios e soluções;9790000000000 ;L1
Análise de conjuntura em relações internacionais - Abordagens e processos;9788579837654 ;L1
ANÁLISE DE DADOS CATEGÓRICOS EM CIÊNCIA POLÍTICA;9790000000000 ;L1
Análise política e jornalismo de dados: ensaios a partir do Basômetro;9788522515011 ;L2
Antropologia e Direitos Humanos 6;9788565679367 ;L3
Anuario de Integración Latinoamericana y Caribeña.;9780000000000 ;L4
Anuario de la integración latinoamericana y caribeña 2010;9780000000000 ;L4
Anuario de la integración latinoamericana y caribeña 2012;9780000000000 ;L4
Aplicações de técnicas avançadas de avaliação de políticas públicas.;9788580542158 ;L1
APROFUNDAMENTOS EM DIREITO CONSTITUCIONAL;9780000000000 ;L1
Arbitragem e Comércio Internacional;9790000000000 ;L1
Armadilha da renda média - visões do Brasil e da China - Vol. 2;9790000000000 ;L2
Armadilha da renda média visões do Brasil e da China;9790000000000 ;L2
Arquitetura institucional de apoio às organizações da sociedade civil no Brasil;9790000000000 ;L2
Artefatos digitais para a mobilização da sociedade civil. Perspectivas para o avanço da democracia;9788523214753 ;L2
Artesanato e empreendedorismo: ressignificação produtiva do setor artesanal na década de 1990.;9788550901039 ;L2
As bases sociais das novas centrais sindicais;9790000000000 ;L3
As Cidades e os BRICS: Análises comparadas e estudos de caso sobre desenvolvimento urbano nos BRICS.;9790000000000 ;L4
As Ciências Sociais em Revista. Temas e debates na Revista Sociologia 1939-1966;9788562116056 ;L2
As contradições do lulismo - a que ponto chegamos?;8575595113 ;L3
As Formas do Direito - Ordem, Razão e Decisão - (Experiências Jurídicas Antes e Depois da Modernidade);9790000000000 ;L1
As Geraes de Servas : Circuito Cultural Vieira Servas.;9788588221468 ;L2
As ideias importam: o excepcionalismo norte-americano no alvorecer da superpotência;9788547300135 ;L2
As Ideias Também Importam ¿ Abordagem Cognitiva e Políticas Públicas no Brasil;9788536242644 ;L1
AS JORNADAS DE JUNHO E A VONTADE DOS IGUAI;9790000000000 ;L1
As relações comerciais Brasil-África: o novo papel do Nordeste brasileiro;9790000000000 ;L1
As Relações Externas de Cabo Verde: (Re)Leituras Contemporâneas;9790000000000 ;L1
As Relações Internacionais da Ásia e da África;9790000000000 ;L1
AS RELAÇÕES INTERNACIONAIS E O CINEMA VOLUME 2: ESTADO E CONFLITOS INTERNACIONAIS;9788580543124 ;L2
AS RELAÇÕES INTERNACIONAIS E O CINEMA. VOLUME 1: ESPAÇOS E ATORES INTERNACIONAIS;8580542464 ;L1
AS RELACÕES INTERNACIONAIS E O CINEMA: ESPAÇOS E ATORES TRANSNACIONAIS;8580542464 ;L1
As Relações Internacionais e o Cinema: Estado e conflitos internacionais.;0000999999;L2
As relações internacionais em debate - Volume 1;9788560100743 ;L1
"As Relações Internacionais em Debate vol. 2; ISSN/ISBN: 9788560100903.";9790000000000 ;L1
AS RUAS E A DEMOCRACIA. ENSAIOS SOBRE O BRASIL CONTEMPORÂNEO;9790000000000 ;L2
AS TRANSFORMAÇÕES NA ORGANIZAÇÃO INTERNA DO PT ENTRE 1995 E 2009;9790000000000 ;L4
As transformações no sistema monetário internacional;9878111700 ;L3
Atlântico: a história de um oceano.;9790000000000 ;L2
atlas da política externa brasileira;9789877220407 ;L4
ATLAS OF BRAZILIAN FOREIGN POLICY;9789877221817 ;L3
Atores partidários e entrada estratégica em competição eleitoral de múltiplas arenas: a experiência brasileira;9790000000000 ;L3
ATORES SOCIAIS, DIVERSIDADE E IDENTIDADE;9788567442174 ;L2
Aulas de Museu;9788538602903 ;L2
Autonomia e controle das agências reguladoras: o papel do Tribunal de Contas da União no arranjo regulatório brasileiro;9790000000000 ;L2
Autonomia e mobilização política dos camponeses no Maranhão;9788599274309 ;L1
avaliação de pol publicas;9790000000000 ;L3
Bala Perdida: a violência policial no Brasil e os desafios para sua superação;9788575594414 ;L2
Belo Monte e a questão indígena;9790000000000 ;L2
Bolivia: la Refundacion Multietnica sobre la Riqueza del Potosi;9880000000000 ;L1
Bolívia: Logística Nacional e Construção do Estado;9790000000000 ;L3
Brasil e Argentina: da Rivalidade à Cooperação.;9788561336097 ;L2
Brasil e Argentina: Políticas de Desenvolvimento;9790000000000 ;L3
BRASIL E ARGENTINA: POLÍTICAS E TRAJETÓRIAS DE DESENVOLVIMENTO;9790000000000 ;L3
Brasil e Bélgica: cinco séculos de conexões e interações;9790000000000 ;L3
Brasil e Chile: posição geopolítica mundial contemporânea;9788568649015 ;L1
Brasil nos BRICS;9790000000000 ;L2
Brasil y México en América Latina del siglo XXI - protagonismo político, modelos de desarrollo, encuentros culturales y perspectivas de integración.;9790000000000 ;L3
Brasil, Sociedade em Movimento;9790000000000 ;L3
Brasil-China: construindo o BRICS;9790000000000 ;L2
Brasilien - Eine Einführung;9783865277824 ;L1
BRASILIEN POLITISCHE SYSTEME IM VERGLEICH. FORMALE UND INFORMELLE INSTITUTIONEN IM POLITISCHEN PROZESS;9780000000000 ;L3
Brazil in the International Arena for Sustainable Development;9790000000000 ;L1
Brazil Under the Workers' Party: Continuity and Change from Lula to Dilma;9780000000000 ;L4
BRAZILIAN FOREIGN ECONOMIC POLICY: PROSPECTS FOR BRICS;9787208137929 ;L3
Brazil-US Relations in the 20th and 21st Centuries;9790000000000 ;L3
BRICS;198324567 ;L2
BRICs - Cities and the Issue of Social Mobility: Attraction of Capital and the Right to the City;9790000000000 ;L1
BRICS: as potências emergentes.;8532644651 ;L2
Burocracia de Médio Escalão: perfil, trajetória e atuação;9788525600752 ;L3
BUROCRACIA E IMPLEMENTAÇÃO DE POLÍTICAS DE SAÚDE;9790000000000 ;L3
Cadernos de Pesquisa Social 3 - Cidadania e Democracia;9788577982042 ;L1
Caio Prado Jr.: legado de um saber-fazer histórico;9790000000000 ;L1
CAMINHOS PARA O PODER: A SELEÇÃO DE CANDIDATOS PARA DEPUTADO FEDERAL NAS ELEIÇÕES BRASILEIRAS;9790000000000 ;L2
Capacidades estatais em países emergentes: o Brasil em perspectiva comparada;9788578112653 ;L3
Capacidades Estatais e Democracia: Arranjos Institucionais de Políticas Públicas;9788578111991 ;L2
Capacitação em Negociações Internacionais;9780000000000 ;L2
Capitalismo histórico e alternativas: diálogos com análises dos sistemas-mundo;9788573200881 ;L2
Carandiru não é coisa do passado;9790000000000 ;L1
Cargos de confiança no presidencialismo de coalizão brasileiro;9790000000000 ;L3
Cartilha dos Fundos Solidários da Região Sul: histórico, organização e gestão;9790000000000 ;NC
Cartografia da Justiça no Brasil: uma análise a partir dos atores e territórios;9788502210202 ;L2
CATALOGO DE FONTES DOCUMENTAIS E ARQUIVÍSTICAS SOBRE COMUNIDADES QUILOMBOLAS NO BRASIL.;9788587942395 ;L1
Celso Furtado e a dimensão cultural do Desenvovimento;9788576503781 ;L4
CERVO, A. L. . Relações Internacionais da América Latina: de 1930 aos nossos dias. 3. ed. São Paulo: Saraiva, 2013. v. 1. 276p .;9790000000000 ;L3
Checkbook elections? Political Finance in Comparative Perspective;9780190603618 ;L3
Ciberpolítica: Conceitos e Experiências;9788523214852 ;L3
Cidadania, Direitos Humanos e Políticas Públicas no Brasil;9788544407714 ;L1
Cidade de Papirus;8566019070 ;L1
Cidade, Poder Local e Políticas Públicas;9788523706173 ;L1
Ciência Política Hoje;9790000000000 ;L1
"Citlali Ayala Martinez; Jesus Rivera de la Rosa. (Org.). De la diversidad a la consonancia:la cooperación sur-sur latinoamericana ";9880000000000 ;L4
Climate Governance in the Developing World;9780000000000 ;L3
Cobertura jornalística da corrupção política: sistemas políticos, sistemas mediáticos, enquadramentos legais;9790000000000 ;L1
Cobertura jornalística dos movimentos grevistas de 2015 no Paraná.;9790000000000 ;L1
Coberturas Jornalísticas;9790000000000 ;L1
COLIGAÇÕES E DISPUTAS ELEITORAIS NA NOVA REPÚBLICA Aportes teórico-metodológicos, tendências e estudos de caso;9788575042045 ;L4
Comércio, Globalização e Formação do Capital Social;9790000000000 ;L1
Commercialising Security: Political Consequences for European Military Operations;415509890 ;L3
Como estudar elites;9788584800384 ;L3
Comparative Employment Relations in the Global Economy;9780415686624 ;L3
Comportamento e Instituições Políticas;9788538603238 ;L2
Comportamento Eleitoral e Comunicação Política na América Latina: o eleitor latino americano;9788570419 ;L4
Comunicação Organizacional Estratégica: aportes conceituais aplicados;9788532310460 ;L3
Comunicação, educação e democracia no legislativo brasileiro;9788540204362 ;L1
Comunicação, Teconolgia e Ambiente;9790000000000 ;L2
CONCEPÇÕES DE JUSTIÇA EM CHAÏM PERELMAN E JOHN RAWLS: introdução ao debate multidisciplinar entre relativismo e universalismo;9788544403716 ;L2
Conceptos políticos, tiempo e historia nuevos enfoques en historia conceptual;9790000000000 ;L4
Conferências nacionais : Atores, dinâmicas participativas e efetividades;9788578111786 ;L2
Conflitos agrários: seus sujeitos, seus direitos.;978.85.71038974;L3
Conhecimento tradicional e Biodiversidade : normas vigentes e propostas;97885788312575 ;L1
CONJUNTURA E MOBILIZAÇÕES NO BRASIL: DIREITOS, CENTAVOS, FUMAÇA E VINAGRE;9790000000000 ;L1
CONSELHOS E PARTICIPAÇÃO POLÍTICA: TEORIA E PRÁTICAS;9790000000000 ;L3
Constituição e Direitos Fundamentais em Perspectiva;9790000000000 ;L1
Constituição e Política na Democracia - aproximações entre direito e ciência política;9790000000000 ;L2
Constituinte Exclusiva - um outro sistema político é possível.;9788577432431 ;L1
Constitutional Reform in Times of Transition;9791093214009 ;L1
Consulta e Participação: a crítica à metáfora da teia de aranha.;9790000000000 ;L2
Controle de Constitucionalidade;9788579872648 ;L2
Controlling Small Arms - Consolidation, innovation and relevance in research and policy;9780000000000 ;L4
Controvérsias Constitucionais Atuais.;857348898 ;L2
Conversas de pé de ouvido: Rede interpessoal e comportamento político: espaço de aplicações e divergências teóricas;9780000000000 ;L1
Cooperação Brasil-Índia: Dinâmicas e Perspectivas;9790000000000 ;L1
Cooperação e Conflitos Internacionais: Globalização, Regionalismo e Atores;9790000000000 ;L4
Cooperação e Desenvolvimento nos Países de Língua Portuguesa: o Papel das Universidades;9790000000000 ;L1
Cooperação Sul-Sul: práticas, abordagens e desafios.;858054307X;L2
Cooperación Sur-Sur, Política Exterior y Modelos de Desarrollo en América Latina.;9789877222029 ;L3
Corrupção: parceria degenerativa;9790000000000 ;L1
Cosmopolitanism, Religion and the Public Sphere;415819385 ;L2
Crise de Representação dos Partidos Políticos no Brasil;9788546205943 ;L2
Crise do capitalismo global no mundo e no Brasil;9790000000000 ;L2
Crises humanitárias, cooperação e o papel do Brasil;9788593320002 ;L1
Crisis and institutional change in regional integration;9781138951839 ;L3
Cultura de Defesa Sul-Americana;9790000000000 ;L2
Cultura de Defesa Sul-Americana ou Culturas de Defesa do Cone Sul e da Região Andina?;9790000000000 ;L2
Cultura e direitos humanos nas relações internacionais;9788579838019 ;L3
Cultura política, gênero de democracia - estudos sobre Maringá e eleições;9790000000000 ;L3
Cultura, corpo e educação;9790000000000 ;L2
Cultura, política e ativismo nas redes digitais;9790000000000 ;L1
Curso de Direito Processual Constitucional;9788584405084 ;L2
Curso livre de teoria política: normatividade e empiria;9788547301491 ;L2
Da Monarquia à Oligarquia: história institucional e pensamento político brasileiro (1822-1930);9790000000000 ;L1
Dangerous Liaisons: Organized Crime adn Political Finance in Latin America and Beyond;9780000000000 ;L4
De Colonos a Imigrantes: I(E)migração portuguesa para o Brasil;9790000000000 ;L1
De la Pan-Amazonia al Río de la Plata;9790000000000 ;L3
De que lado você está;9788575594407 ;L1
De Vargas aos militares: autoritarismo e desenvolvimento econômico no Brasil.;789000000000 ;L3
Defesa e segurança do Atlântico Sul : VIII ENABED;9788578225414 ;L3
Defesa da Amazônia: VII ENABED;9790000000000 ;L3
Defesa e Cooperação Interagências;9790000000000 ;L3
Defesa e Criminalidade: Em Busca da Convergência para a Segurança;9790000000000 ;L3
Defesa e seguranc¿a do Atla¿ntico Sul : VIII ENABED;9788578225414 ;L3
Del espacio Cantábrico al Mundo Ameriano. Perspectivas sobre migración, etnicidad y retiro;9790000000000 ;L1
Deliberação e Capitalismo: Uma Crítica Marxista ao Pensamento de Habermas;9788547301361 ;L1
Deliberação Online no Brasil: entre iniciativas de democracia digital e redes sociais de conversação;9788523214821 ;L1
Democracia Digital e Governo Eletrônico;9790000000000 ;L2
Democracia digital, comunicação política e redes: teoria e prática;9788561012885 ;L1
Democracia e Ciências Sociais: Memória, Políticas e Desigualdades;9788549500359 ;L1
Democracia e justiça no Brasil;9790000000000 ;L2
DEMOCRACIA E REPRESENTAÇÃO: TERRITÓRIOS EM DISPUTA;9790000000000 ;L4
DEMOCRACIA PARTICIPATIVA E IZQUIERDAS: LOGROS, CONTRADICCIONES Y DESAFÍOS;9790000000000 ;L2
Democracy and Media at Work: Portugal and Brazil;9789892609 ;L4
Desafios ambientais da Zona Costeira;9790000000000 ;L1
Desafíos estratégicos del regionalismo contemporáneo: CELAC e Iberoamérica;9790000000000 ;L3
DESAFIOS GERENCIAIS EM DEFESA;8587015044 ;L3
Desde as Amazônias: colóquios;9878568914007 ;L2
DESENHO INSTITUCIONAL, DEMOCRACIA E PARTICIPAÇÃO: CONEXÕES TEÓRICAS E POSSIBILIDADES ANALÍTICAS.;856702091X;L1
Desenvolvimentismo: O Conceito, as Bases Teóricas, as Políticas.;9790000000000 ;L1
Desenvolvimento e Cooperação Internacional;8523212396 ;L4
Desenvolvimento hidrelétrico: qualidade de vida e capital social no Sul do Brasil.;9790000000000 ;L2
Desenvolvimento socioespacial:novos olhares;9790000000000 ;L1
Desenvolvimento, planejamento e governança: expressões do debate contemporâneo;9790000000000 ;L3
DESIDERÁ, Walter. (Org.) . O Brasil e novas dimensões da integração regional. 1. ed. Rio de Janeiro: IPEA, 2014. v. 1. 508p .;9790000000000 ;L1
"DESIDERÁ, Walter. (Org.) ; TEIXEIRA, R. A. (Org.) . Perspectivas para a integração da América Latina. 1. ed. Brasília: IPEA, 2014. v.1 326p.";9790000000000 ;L1
Design para uma educação inclusiva;9788580392012 ;L3
Desigualdade e Democracia: O Debate da teoria Política;9788539306329 ;L3
Después de Santiago: Integración Regional y Relaciones Unión Europea-América Latina;9780000000000 ;L2
Desvendando Minas: descaminhos do projeto neoliberal;9790000000000 ;NC
Desvendando os interesses por trás da Lei da Ficha Limpa;9780000000000 ;L3
Developmental pathways to poverty reduction;9780000000000 ;L3
Développement durable: mutations ou métamorphoses de la responsabilité?;9782233007858 ;L2
Diálogos em Didática;9788555800030 ;L1
Diálogos lusófonos em comunicação e política;9789896543150 ;L4
Diálogos Sul-Americanos:10 anos da Política Exterior;9788579835940 ;L2
Diccionario LID Inteligengia y SeguridadSEGURANÇA INTERNACIONAL: DA ORDEM INTERNACIONAL AOS DESAFIOS PARA A AMÉRICA DO SUL E PARA A CELAC;9790000000000 ;L1
Diccionário político y social del mundo iberoamericano: Civilización;9790000000000 ;L2
Diccionario político y social del mundo iberoamericano: conceptos políticos fundamentales;9790000000000 ;L4
Dicionário Critico: Políticas de Assistência Social no Brasil;9788538602965 ;L1
Dicionario de Políticas Publicas;9790000000000 ;L2
DICIONÁRIO DE POLÍTICAS PÚBLICAS - 2ª EDIÇÃO;9790000000000 ;L2
Dicionário temático desenvolvimento e questão social;9790000000000 ;L4
Diferentes Conexões em Ciência, Tecnologia e Sociedade;9788579933288 ;L1
Difusão de Políticas Públicas;9788568576502 ;L1
Dilemas de um partido de governo: conflitos entre PT e Governo Lula;9790000000000 ;L3
Dimensões e desafios políticos para a diversidade cultural;9788523213039 ;L4
Dimensões Políticas da Justiça;9790000000000 ;L3
DIMENSÕES POLÍTICAS DA JUSTIÇA;9790000000000 ;L3
Dimensões Políticas da Justiça;8520011691 ;L3
Dinâmicas Periférico-Estratégicas da fronteira da Amazônia setentrional: das políticas públicas e redes institucionais à integração espacial;9790000000000 ;L2
Dinamismo y diversidad en la ciencia política latinoamericana: VII Congreso de la Asociación Latinoamericana de Ciencia Política;9789587743098 ;L3
Direita Volver!;9788576432920 ;L2
'DIREITA VOLVER: O QUE RESTA DAS DITADURAS NA AMÉRICA LATINA';9790000000000 ;L2
Direita, volver! : o retorno da direita e o ciclo político brasileiro.;9790000000000 ;L2
Direito à diferença - Aspectos institucionais e instrumentais de proteção às minorias e grupos vulneráveis;9790000000000 ;L2
Direito à diferença 2: Aspectos de proteção específica às minorias e aos grupos vulneráveis (no prelo);9790000000000 ;L2
Direito Ambiental Internacional: avanços e retrocessos. 40 Anos de Conferências das Nações Unidas;9790000000000 ;L1
Direito Constitucional;9790000000000 ;L2
Direito do Mar: desafios e perpectivas;979000000000 ;L1
Direito e experiências jurídicas: debates práticos;9790000000000 ;L2
Direito e experiências jurídicas: temas de história do direito.;9790000000000 ;L2
Direito e saúde global - o caso da pandemia de gripe A (H1N1);9790000000000 ;L3
Direito Eleitoral em Debate;9788574639642 ;L2
Direito Empresarial I;9790000000000 ;L1
DIREITO GLOBAL E SUAS ALTERNATIVAS METODOLÓGICAS: PRIMEIROS PASSOS.;9788564678279 ;L2
Direito Internacional;9790000000000 ;L2
DIREITO INTERNACIONAL ANUAL;9790000000000 ;L2
Direito Internacional Contemporâneo;9790000000000 ;L2
Direito Internacional da Guerra;9790000000000 ;L1
Direito Internacional dos Investimentos;999999999X;L3
Direito Internacional e Bioética Socioambienta;9790000000000 ;L1
DIREITO INTERNACIONAL EM EXPANSÃO;9788582382455 ;L3
Direito internacional no Nosso Tempo. Volume II.;9788582380475 ;L1
Direito Internacional no Nosso Tempo: A Proteção do Indivíduo e da Coletividade;9790000000000 ;L1
Direito Internacional no Nosso Tempo: Desafios, Fundamentos e Integração;9790000000000 ;L1
Direito Internacional no Nosso Tempo: Relações Jurídicas Privadas, Comerciais e dos Investimentos;9790000000000 ;L1
Direito Internacional Privado e Bioética Socioambiental;9790000000000 ;L1
Direito, democracia e internacionalização da Constituição: Direito(s) em debate;9788564680081 ;L1
Direitos em conflito: movimentos sociais, resistência e casos judicializados: artigos e ensaios;9790000000000 ;L4
Direitos Fundamentais e Jurisdição Constitucional: Análise, Crítica e Contribuições;9790000000000 ;L1
Direitos Humanos Atual;9790000000000 ;L1
Direitos humanos e trabalho decente;9788545001973 ;L1
Direitos Humanos na Ordem Contemporânea;9788536251240 ;L1
Direitos Humanos no Brasil 2014;9790000000000 ;L1
Direitos Humanos no Brasil 2015;9790000000000 ;L1
Direitos Humanos, Cidadania e Violência no Brasil;9790000000000 ;L1
Direitos Humanos, Cidadania e Violência no Brasil - Estudos Interdisciplinares;9790000000000 ;L1
Direitos humanos, cidadania e violência no Brasil: estudos interdisciplinares;9790000000000 ;L1
Direitos Humanos, Democracia e Justiça;9790000000000 ;L1
Direitos Humanos, Políticas Públicas e Cidadania;9790000000000 ;L1
Direitos Humanos, Relações Internacionais e Meio Ambiente;9790000000000 ;L3
Direitos, Resistência e Mobilizações: A luta dos quilombolas de Alcântara contra a Base Espacial;97788599274392 ;L3
Discussões Contemporâneas Sobre Trabalho Escravo: Teoria E Pesquisa;9788574788401 ;L1
Disputing Citizenship;9780000000000 ;L2
Ditadura: o que resta da transição?;9790000000000 ;L1
Diucionário de Políticas Públicas;9790000000000 ;L2
Do 11 de setembro de 2001 à guerra ao terror: reflexões sobre o terrorismo no século;9790000000000 ;L3
Do clique à urna: internet, redes sociais e eleições no Brasil.;9790000000000 ;L2
Doctrinas y relaciones de poder en el Cisma de Occidente y en la época conciliar (1378-1449);9790000000000 ;L3
DOMÍNIO DAS TECNOLOGIAS - HOMENAGEM A HERMÍNIO MARTINS;97900000000000 ;L2
DOS INTELECTUAIS NA POLÍTICA À POLÍTICA DOS INTELECTUAIS. PENSADORES, ESCRITORES E MILITANTES NO DIÁLOGO COM O PODER;9790000000000 ;L3
Dos sertões aos mares: história do comércio e dos comerciantes da cidade de Parnaíba,Piaui;9790000000000 ;L2
Drogas, política y sociedad en America Latina y Caribe;9790000000000 ;L4
Drug Policies and the Politics of Drugs in the Americas.;9783319290829 ;L4
Du Brésil à l'Atlantique. Essais pour une histoire des échanges culturels internationaux. Mélanges offerts à Guy Martinière;9780000000000 ;L3
ECONOMIA BRASILEIRA PARA CONCURSOS;9788535272079 ;L1
Economia Criativa, Cultura e Políticas Públicas;9788538603214 ;L3
Edmund Burke: Redescobrindo um Gênio;9788580332742 ;L2
Educação à distância em nível superior: estratégias, modelos e indicadores de qualidade;9790000000000 ;L2
Educação Superior nos Estados Unidos - História e Estrutura;9790000000000 ;L4
El hilo de Ariadna en la sociedad del conocimiento;9788494512810 ;L2
El mundo árabe desde Sudamerica: Posicionamientos y visiones a partir de la Primavera árabe;9789871751365 ;L2
El proceso de construcción de una comunidad en seguridad entre Bolivia, Brasil, Chile, Colombia, Ecuador y Perú.;9789972671364 ;L3
El proceso de integración de América Latina en el siglo XXI - La competencia-cooperación entre México y Brasil con la presencia ;9786079371999 ;L3
El votante latinoamericano - Comportamiento electoral y comunicación política;9786079423629 ;L4
ELEIÇÕES E REPRESENTAÇÃO POLÍTICA NOS MUNICÍPIOS BRASILEIROS;9788575166 ;L3
ELEIÇÕES NÃO SÃO PARA PRINCIPIANTES - INTERPRETANDO EVENTOS ELEITORAIS NO BRASIL;9788536247366 ;L2
Eleições nas Capitais Brasileiras em 2012: Estudos sobre o HGPE em disputas municipais.;9788591519507 ;L1
Elementos de comunicação e Marketing Político;9788578971762 ;L1
Elites e trabalho no Brasil e no Uruguai: as origens do debate atual;9790000000000 ;L2
Em defesa de uma opinião pública democrática: conceitos, entraves e desafios;9790000000000 ;L2
EMERGING POWERS AND THE UN;9780000000000 ;L3
Empresa Trnasnacionais e produção de agrocombustíveis no Brasil;9790000000000 ;L1
Empresário, desenvolvimento, cultura e democracia;9790000000000 ;L3
Enciclopédia das Relações Internacionais;97900000000000 ;L2
ENCICLOPÉDIA DE GUERRAS E REVOLUÇÕES;9790000000000 ;L2
ENCICLOPÉDIA DE GUERRAS E REVOLUÇÕES VOLUME II;9790000000000 ;L2
Encontros com Moçambique;9788580062083 ;L2
Enduring NATO, Rising Brazil: Managing International Security in a Recalibrating Global Order;9790000000000 ;L3
Enhancing the Brazil-EU strategic partnership;9790000000000 ;L4
Ensaio IBRE de economia brasileria I;9790000000000 ;L2
Ensaios IBRE de economia brasileira - II;9790000000000 ;L2
Ensino de Sociologia: Direitos Humanos, Sociais, Educação e Saúde;9790000000000 ;L3
Entre espacios: la historia latinoamericana en el contexto global Actas del XVII Congreso de la Asociación de Historiadores Latinoamericanistas Europeos (AHILA), Berlin (2014);9783944675350 ;L2
Epistemologia e limites da racionalidade jurídica: um estudo da teoria da proporcionalidade;9790000000000 ;L1
Equidad e Inclusión Social: Superando desigualdades hacia sociedades más inclusivas;9780827065932 ;L1
Escenarios de integración, Sudeste Asiático-América del Sur. Hacia la construcción de vínculos estratégicos;9790000000000 ;L2
Escola e sociedade: construtos histórico-culturais;9788550900018 ;L2
Escola Unesp de liderança e gestão: instrumento para excelência de gestão institucional;9788579837340 ;L1
Estado, Direito e Cidadania em Perspectiva comparada;9790000000000 ;L1
Estado/Movimentos sociais no campo: a trama da construção conjunta de uma política pública no Maranhão;9790000000000 ;L2
Estados Unidos y la nueva correlación de fuerzas internacional;9789877221824 ;L3
Estratégias de Defesa Nacional: desafios para o Brasil no novo milênio;9790000000000 ;L3
Estrutura e dinâmicas socioespaciais urbanas no Rio Grande do Sul: transformações em tempos de globalização (1991-2010);9788563800206 ;L2
Estudos americanos em perspectiva: relações internacionais, politica externa e ideologias;9788581922 ;L3
Estudos Interdisciplinares em Sociologia do Esporte - III EPSE - Aspectos Filosóficos, Sociais, Políticos e Econômicos;9788564842113 ;L2
Estudos Interdisciplinares: direito, política e sociedade;9790000000000 ;L1
Estudos sobre elites políticas e culturais.;9788578625573 ;L3
Estudos sobre Elites Políticas e Culturais. Vol 2: Reflexões e aplicações não canônicas;9788578625573 ;L3
Experiência democrática, sistema político e participação popular;9790000000000 ;L1
Experiências brasileiras e desafios para fortalecimento de alianças público-privadas para o desenvolvimento;9790000000000 ;L2
Experiências de participação institucionalizada;9788562707407 ;L1
FAB- Força Aérea Brasileira: os reflexos do alinhamento com os Estados Unidos entre 1941 e 1948;9788536251745 ;L3
FAMÍLIA: NOVOS CONCEITOS;9790000000000 ;L1
Federalismo e Políticas Públicas no Brasil;9790000000000 ;L2
Feminismo e política: uma introdução;9790000000000 ;L2
Filosofia Constitucional e Teoria do Direito;9790000000000 ;L1
"Finanças Públicas: da contabilidade criativa ao resgate da credibilidade; Organizadores: Felipe Salto e Mansueto Almeida";9788501091710 ;L1
FLORESTAN FERNANDES, 20 ANOS DEPOIS ? UM EXERCÍCIO DE MEMÓRIA;9790000000000 ;L1
FOREIGN POLICY DECISION-MAKING UNDER THE GEISEL GOVERNMENT: - THE PRESIDENT, THE MILITARY AND THE FOREIGN MINISTRY;9790000000000 ;L4
Fórum Social Mundial: a transnacionalização da sociedade civil brasileira;9790000000000 ;L2
FRENTES DE EXPANSÃO E ESTRUTURA AGRÁRIA: Estudo do processo de penetração numa área da Transamazônica;9790000000000 ;L4
Fronteiras contemporânas comparadas: relações internacionais e segurança regional no Brasil e na União Europeia;9788562359521 ;L1
Fronteiras em Perspectiva Comparada e Temas de Defesa e Segurança da Amazônia;9790000000000 ;L1
Fugitive Rousseau: Slavery, Primitivism, and Political Freedom;9780000000000 ;L4
Futebol, o outro lado do jogo;9790000000000 ;L1
Gênero e racismo : múltiplos olhares.;9788577722419 ;L1
Gênero, Sexualidade e Direito: uma introdução;9788564912861 ;L3
Geopolítica e projeção do Brasil : um olhar da História Regional;9788567182087 ;L1
Gestão de Políticas Públicas de Direitos Humanos;9788525600776 ;L2
Gestão e políticas públicas no cenário contemporâneo: tendências nacionais e internacionais;9788575414774 ;L2
Governança das Redes e o Marco Civil da Internet: Liberdades, Privacidade e Democracia;9788588221567 ;L4
Governo na Web: reflexões teóricas e práticas;9790000000000 ;L3
Greves no Brasil (de 1968 aos dias atuais): depoimentos de liderança;9788524924545 ;L3
Handbook on Complexity and Public Policy;9780000000000 ;L2
HANDBOOK ON THE ECONOMICS OF RECIPROCITY AND SOCIAL ENTERPRISE;9780000000000 ;L2
Handbuch Transitional Justice;9780000000000 ;L2
Health, Nature and Quality of Life - Towards BRICS Wellness Index;8171221203 ;L2
Hegemonia, revolução passiva e globalização: O sistema G7/8;9790000000000 ;L3
História da África e dos Africanos.;9790000000000 ;L3
Historia da Política Exterior do Brasil;9790000000000 ;L3
História do Cone Sul;9790000000000 ;L2
HISTÓRIA GERAL DO BRASIL;9788535285437 ;L3
HISTÓRIA SOCIAL, ECONÔMICA E POLÍTICA DE PINHEIRO;9790000000000 ;L1
História Social, Econômica e Política de Pinheiro;9790000000000 ;L1
HISTÓRIA, ESTRATÉGIA E DESENVOLVIMENTO;9790000000000 ;L1
Historiadores pela Democracia: o golpe de 2016 e a força do passado;8579394082 ;L2
Honduras 2013 : golpe de estado, elecciones y tensiones del orden político;9790000000000 ;L2
Hospitality and World Politics;9781137289995 ;L2
I Atlas da Municipalização da Segurança Pública do Rio Grande do Sul;9788584430239 ;L1
I Encontro Brasileiro de Estudos Estratégicos e Relações Internacionais (EBERI I - ANAIS);9790000000000 ;L1
I Encontro de Internacionalização do CONPEDI;9790000000000 ;L1
Iberoamérica: miradas estratégicas en el siglo XXI;9790000000000 ;L3
Illiberal Practices: Territorial variance within large federal democracies;9781421419589 ;L3
Illusions of Terrorism and Counter terrorism;9780197265901 ;L4
Imagens em movimento;9788555264177 ;L1
Impasses da Democracia no Brasil;9788520012727 ;L3
In: Alexandre Queiroz Guimarães. (Org.). Ideias em Desenvolvimento: políticas para a promoção do avanço econômico em Minas Gerais;9790000000000 ;L2
In: Carlos Schmidt Arturi. (Org.). Políticas de Defesa, Inteligência e Segurança;9788538602514 ;L3
In: Emannuel Brunet-Jailly. (Org.). Border Disputes: A Global Encyclopedia;9781610690232 ;L2
"In: MONTEIRO, Álvaro; WINAND, Érica; GOLDONI, Luiz Rogério. (Org.). Pensamento Brasileiro em Defesa/VI ENABED. 1ed.Aracaju: UFS/ABED, 2013, v. 1, p. 149-178.";9790000000000 ;L1
Inovação, Governança Digital e Políticas Públicas: Conquistas e Desafios para a Democracia;9788582382257 ;L2
Instituições, Política e Desenvolvimento;9790000000000 ;L3
Instituições, Política e Desenvolvimento: América Latina frente ao século XXI;9790000000000 ;L3
Instituto Brasileiro de Direito Urbanístico, 10 anos: ma nova agenda para o Direito;9790000000000 ;L1
Insurreição de saberes 2: reinterpretações em movimento;9790000000000 ;L2
Insurreição de saberes: tradição quilombola em contexto de mobilização;9788578832667 ;L2
Integración y cooperación regional en América Latina: una relectura a partir de la teoría de la autonomia.;9790000000000 ;L1
INTELECTUAIS NA AMÉRICA LATINA: PENSAMENTO, CONTEXTOS E INSTITUIÇÕES. DOS PROCESSOS DE INDEPENDÊNCIA À GLOBALIZAÇÃO;9790000000000 ;L3
Inteligência de Segurança Pública: Teoria e Prática no Controle da Criminalidade;9790000000000 ;L1
Intelligence Management in the Americas;9781932946437 ;L2
Intergovernmental Relations in Federal Systems: Comparative Structures and Dynamics;13:9780199022267.;L2
International Organization and Global Governance;9780415627603 ;L3
Internet e Eleições 2014 no Brasil;9788591519521 ;L1
Internet e eleições no Brasil;9788591519521 ;L1
Internet e Poder Local;8790000000000 ;L1
Intersecting Interregionalism: regions, global governance and the EU.;9790000000000 ;L4
Introdução ao planejamento portuário;9788571297975 ;L1
Introducción a las Relaciones Internacionales: América Latina y la Política Global;9790000000000 ;L3
Invertendo a Situação: As reformas da Previdência e a comparação discursiva entre PSDB e PT.;9780000000000 ;L2
IV ÁLBUM DO FÓRUM DA MULHER;0 ;L1
Jornalismo e Poder Legislativo - Relações entre mídia e política no Brasil. 1a ed.Curitiba: Annris, 2015, v. 1, p. 170-189.;9790000000000 ;L1
Jubilut, L.L. (Org.). Direito Internacional Atual. 1ed.Rio de Janeiro: Campus-Elsevier, 2014, v. 1, p. 155-180.;9788535276763 ;L1
Jurisdição constitucional e democracia;9788576961864 ;L1
Justiça de Transição nas Américas: Olhares interdisciplinares, fundamentos e padrões de efetivação;9790000000000 ;L3
Justiça de Transição nos 25 anos da Constituição de 1988;9790000000000 ;L3
Justiça de Transição: contornos do conceito;9788564421431 ;L3
Justiça de Transição: reparação, verdade e justiça: perspectivas comparadas Brasil-Espanha;9790000000000 ;L3
Justiça e Competição Eleitoral;9788565212199 ;L2
JUSTIÇA E DIREITOS HUMANOS : OLHARES CRÍTICOS SOBRE O JUDICIÁRIO EM 2015;9788562884207 ;L1
JUSTIÇA PELA QUALIDADE NA EDUCAÇÃO;9790000000000 ;L2
Justicça de Transição nas Américas: olhares interdisciplinares, fundamentos e padrões de efetivação;9790000000000 ;L3
L HYBRIS MODERNE: SÉCULARISATION, NIHILISME ET ESSEULEMENT. LA CRITIQUE RELIGIEUSE DE L GE MODERNE PAR HANNAH ARENDT;9780000000000 ;L4
La construction du Parlement du Mercosur: régionalisme et démocratie en Amérique du sud.;2879745829 ;L4
La integración de políticas públicas para el desarrollo. Brasil y México en perspectiva comparada;9790000000000 ;L3
La integración regional en América Latina: Quo Vadis? El Mercosur desde uma perspectiva sectorial y comparada;9790000000000 ;L4
LA MULTIDIMENSIONALIDAD DE LA SEGURIDAD NACIONAL: RETOS Y DESAFÍOS DE LA REGIÓN PARA SU IMPLEMENTACIÓN. VIII SEMANA IBEROAMERICANA;9790000000000 ;L2
La representación política de cara al futuro: desafios para la participación y inclusión democráticas in México;9786074791266 ;L4
L'analyse des politiques publiques au Brésil;9782343019253 ;L4
Las Relaciones Comerciales entre América Latina y Asia Pacífico: desafíos y oportunidades;9790000000000 ;L3
Latinoamerica dividida? Procesos de integración y cooperación Sur-Sur;9789942950543 ;L4
Laying the BRICS of a New Global Order;9780000000000 ;L1
Le Brésil - Territoire d'Histoire: historiographie du Brésil contemporain;9780000000000 ;L1
Legacies of State Violence and Transitional Justice in Latin America: A Janus-Faced Paradigm?;9780000000000 ;L3
Legalität ohne Legitimität?;9780000000000 ;L1
LEGISLAÇÃO BRASILEIRA SOBRE MEIO AMBIENTE: BIODIVERSIDADE;9790000000000 ;L1
Legislativo e Democracia - Reflexões sobre a Câmara dos Deputados;9790000000000 ;L1
Legislativo e Democracia Representativa;9790000000000 ;L1
Legislativo pós-1968: reflexões e perspectivas;9790000000000 ;L1
Leituras Críticas sobre Gabriel Cohn;9790000000000 ;L2
Leituras Críticas sobre Wanderley Guilherme dos Santos;9790000000000 ;L2
Ler Althusser;9788579838187 ;L3
Les échanges culturels internationaux. France. Brésil, Canada-Québec (XIXe-XXe siècles);9780000000000 ;L3
Les relations professionnelles en Europeeten Amérique latin;9782753528925 ;L2
Léxico da História dos Conceitos Políticos do Brasil.;9790000000000 ;L4
Léxico da História dos Conceitos Políticos do Brasil. 2a.ed.Belo Horizonte;9790000000000 ;L4
Liberdade de expressão: as várias faces de um desafio;9790000000000 ;L2
Licenciamento Ambiental para o Desenvolvimento Urbano: avaliação de instrumentos e procedimentos;9790000000000 ;L3
Linhas cruzadas sobre as relações entre os Estados Unidos e a Alemanha;9788539306374 ;L4
LOCAL OWNERSHIP IN SECURITYCASE STUDIES OF PEACEBUILDING APPROACHES;9790000000000 ;L3
Los BRICS en la construcción de la multipolaridad: ¿reforma o adaptación?;9790000000000 ;L3
Los Estudios Laborales en América Latina;9788416421305 ;L3
Los servicios en el Derecho Internacional Privado;9790000000000 ;L1
Los sistemas de partidos en America Latina (1978-2015): cono sur y países andinos;9786078510092 ;L4
Luis Moita, Luís Tomé. (Org.). Janus - Anuário de Relações Internacionais. 1ed.Lisboa: Cooperativa de Ensino Universitário, CRL, 2014, v. 16;9790000000000 ;L2
Luis Moita. (Org.). Janus 2014. Metamorfoses da Violencia (1914-2014). 1ed.Lisboa: Universidade Autonoma de Lisboa, 2014, v. 16;9790000000000 ;L2
"Lutas em memória: A luta pela ""terra"" reforçada pela luta em defesa dos ""territórios"" quilombolas";978589274446 ;L2
Making Brazil Work: Checking the president in a multiparty system.;1137310839 ;L4
Making Sense, Making Worlds: Constructivism in Social Theory and International Relations .;415624177 ;L3
Mandado de Injunção: estudos sobre sua regulamentação;9790000000000 ;L1
Manifestações no Brasil: as ruas em disputa;9788565505895 ;L1
Manifesto Convivialista: declaração de interdependência (edição brasileira comentada).;9788539108015 ;L2
Manual de Relaciones Internacionales. Herramientas para la comprensión de la disciplina;9562849760 ;L2
Mapeamento da base industrial de defesa (Defense industrial base mapping);9788561323417 ;L3
Mapeamento da Base Industrial de Defesa: Plataforma Terrestre Militar;9788561323417 ;L3
Mapeando o Envelhecimento Populacional: A cidade de Belo Horizonte nos anos de 1991 e 2000;9780000000000 ;L3
Maringá: Transformações na ordem urbana.;9790000000000 ;L4
Marx e a dialética da sociedade civil;9788579835964 ;L2
Marx e Habermas: Teoria crítica e os sentidos da emancipação;9788502203280 ;L2
Marx Selvagem;9790000000000 ;L4
Marxismo: cultura e educação. Contribuições do VII Colóquio Internacional Marx Engels;9790000000000 ;L1
MEDIO AMBIENTE Y DESARROLLO: MIRADAS FEMINISTAS DESDE AMBOS HEMISFERIOS;9790000000000 ;L4
Meio Ambiente: Debate político central do Século XXI;9790000000000 ;L2
Memória e Transformação Social;9788599274514 ;L1
Mercosul 21 Anos: Maioridade ou Imaturidade?;9790000000000 ;L2
Mercosul 25 anos: avanços, impasses e perspectivas.;9788561336219 ;L4
Mercosul a Unasul: avanços do processo de integração;9788528304596 ;L3
Mérito, Desempenho e Resultados: Ensaios sobre Gestão de Pessoas para o Setor Público;9790000000000 ;L1
Metodologia em Ciências Sociais hoje;9788546203840 ;L3
Metodologia em Ciências Sociais Hoje - Volume 1;9788546203840 ;L3
Metodologia em Ciências Sociais Hoje - Volume 2 Práticas, Abordagens e Experiências de Investigação;9788546203741 ;L3
Mídia e Cultura Contemporânea - Série Mercado, Volume 1;9788556960160 ;L1
Mídia e Sociedade em Transformação;9788579837487 ;L1
Migrações Iberoamericanas. Las migraciones Espanã - Brasil;9790000000000 ;L2
Migrantes, apátridas e refugiados: subsídios para o aperfeiçoamento de acesso a serviços, direitos e políticas públicas no Brasil;21755760 ;L3
Militares e democracia: Estudos sobre identidade militar;9788579837159 ;L2
Modelo Integrado de Transformação Institucional: o caso do Ministério do Desenvolvimento, Indústria e Comércio Exterior;9790000000000 ;L3
Modos da margem: figurações da marginalidade na literatura brasileira;9790000000000 ;L2
Monarquia sem despotismo e liberdade sem anarquia: o pensamento político do Marquês de Caravelas;9790000000000 ;L2
Monsanto and Intellectual Property in South America;9780000000000 ;L3
MOVIMENTOS SOCIAIS E ENGAJAMENTO POLÍTICO: TRAJETÓRIAS E TENDÊNCIAS ANALÍTICAS;9790000000000 ;L2
Mudanças climáticas e as cidades: novos e antigos debates na busca da sustentabilidade urbana e social.;9790000000000 ;L3
Mulheres Brasileiras e Gênero nos Espaços Públicos e Privado: uma década de mudanças na opinião pública;9790000000000 ;L1
Mulheres Rurais e Violência - Algumas abordagens;9788578624859 ;L2
Mulheres, feminismo e ação política no Brasil;9788567442556 ;L3
Multilateralismo nas Relações Internacionais;9790000000000 ;L1
Natal: transformações na ordem urbana;9790000000000 ;L2
NAVEGAÇÃO A VAPOR NA BAHIA OITOCENTISTA (1839-1894);9790000000000 ;L2
Negócios Internacionais: Perspectivas Brasileiras;9878535279306 ;L2
Nice Guerreira: Mulher, Quilombola e e Extrativista da Floresta;9788599274408 ;L2
Norberto Bobbio: democracia, direitos humanos,guerra e paz;9790000000000 ;L1
Nordeste 2010 os Sentidos do Voto II: Análises interpretativas dos resultados eleitorais nos estados do Nordeste;9788570196613 ;L2
Nos Rastros da Natureza;9788547300241 ;L2
Nouvelle politique étrangère;9782760544963 ;L4
Nova Ordem Ambiental Internacional e Desenvolvimento Sustentável.;9790000000000 ;L2
Novas interpretações desenvolvimentistas;9790000000000 ;L1
Novos olhares sobre a imigração ibérica em America Latina (séculos XIX e XX)s;9790000000000 ;L2
O BRASIL E A COOPERAÇÃO SUL-SUL: DILEMAS E DESAFIOS NA AMÉRICA DO SUL/ BRAZIL AND SOUTH-SOUTH COOPERATION: DILEMMAS AND CHALLENGES IN SOUTH AMERICA (2ª;9788523215439 ;L4
O Brasil e a segurança no seu entorno estratégico: América do Sul e Atlântico Sul;9790000000000 ;L3
O Brasil e as novas dimensões da integração regional;9790000000000 ;L3
O Brasil, a China e os Estados Unidos na atual conjuntura da Economia-mundo capitalista;9790000000000 ;L3
O Brasil, os BRICS e a agenda internacional;8756314274 ;L2
O Caótico Século XXI;9790000000000 ;L2
O Cinquentenário dos Dois Pactos de Direitos Humanos da ONU - Volume 1;9788542008715 ;L3
O CINQUENTENÁRIO DOS DOIS PACTOS DE DIREITOS HUMANOS DA ONU - VOLUME 2;9788542008722 ;L3
O congresso nacional e o desmatamento na Amazônia;9790000000000 ;L1
O congresso nacional, os partidos políticos e o sistema de integridade;9790000000000 ;L2
O Congresso Nacional, os partidos políticos e o sistema de Integridade: representação, participação e controle interinstitucional;9790000000000 ;L2
O CRIME PELO AVESSO. GESTÃO DOS ILEGALISMOS NA CIDADE DE SÃO PAULO;9788579393785 ;L3
O Devido Processo Legal na Agência Nacional de Telecomunicações - ANATEL;9790000000000 ;L2
O direito achado na rua: introdução crítica à justiça de transição na América Latina. 1ed.Brasília: UnB, 2015, v. , p. 51-54.;9790000000000 ;L1
O direito internacional em movimento: jurisprudência internacional comentada: Corte Internacional de Justiça e Supremo Tribunal Federal;9788569336020 ;L2
O elo entre regimes políticos domésticos e adesão a regimes internacionais;9788544407639 ;L2
O futuro que queremos - Guia de estudos FACAMP Model United Nations 2016;9788566734096 ;L2
O Governo JK e as raízes getulistas da orientação do capitalismo no Brasil;9788555070310 ;L3
O imbróglio do clima: ciência, política e economia;9790000000000 ;L1
O Jornalismo Político nos Processos Eleitorais;9788563448347 ;L3
O Mundo em Desenvolvimento: Guia de Estudos FACAMP Model United Nations 2013;9788566734027 ;L1
O NASCIMENTO DA POLÍTICA MODERNA: DE MAQUIAVEL A HOBBES;9790000000000 ;L2
O Nordeste Brasileiro em Questão: Uma Agenda para a Reflexão;9788567579078 ;L1
O Nordeste Brasileiro em questão: uma agenda para a reflexão;9788567579078 ;L1
O Nordeste Brasileiro em Questão: Uma Agenda para a Reflexão 2;9788567579078 ;L1
O Papel da Teoria Política Contemporânea: Justiça, Constituição, Democracia e Representação;9790000000000 ;L2
O Peso do Estado na Pátria do Mercado - Estados Unidos como país em desenvolvimento;9788539305018 ;L4
O poder e a finança internacional. A INTERNACIONAL DO CAPITAL FINANCEIRO;9790000000000 ;L1
O PRESIDENCIALISMO DA COALIZÃO;9788575041987 ;L4
O Processo Legislativo, o Orçamento Público e a Casa Legislativa;9790000000000 ;L1
O QUE É SER DE ESQUERDA?;9781119714 ;L1
O que é ser esquerda hoje?;9768589216234 ;L1
O que os médicos precisam saber sobre seus direitos;9788568046012 ;L1
O trabalho na Economia Solidária: entre a precariedade e a emancipação;9790000000000 ;L2
O trabalho na Economia Solidária: entre a precariedade e a emancipação;9790000000000 ;L2
O trabalho na Economia Solidária: entre a precariedade e a emancipação;9790000000000 ;L2
O TRABALHO NA ECONOMIA SOLIDÁRIA: Entre a precariedade e a emancipação;9790000000000 ;L2
O trabalho na Economia Solidária: entre a precariedade e a emancipação;9790000000000 ;L2
O trabalho na Economia Solidária: entre a precariedade e a emancipação;9790000000000 ;L2
O Tribunal Penal Internacional: comentários ao estatuto de Roma;9788538404286 ;L3
O Voto para Presidente no Brasil;9790000000000 ;L2
O voto para presidente no Brasil (1989 a 2010): condicionantes e fatores explicativos;9790000000000 ;L2
Observatório de análise política em saúde: abordagens, objetos e investigações;9788523215446 ;L3
Ocekadi : hidrelétricas, conflitos socioambientais e resistência na Bacia do Tapajós;9788599214046 ;L2
Olhando para dentro, 1930-1964;9788539004 ;L1
ONGs - Novos vínculos entre a sociedade e o Estado;9790000000000 ;L3
Operações de Manutenção de Paz das Nações Unidas: Reflexões e debates;9788539305179 ;L3
Organizações internacionais de integração regional : União Europeia, Mercosul e Unasul.;9788578400866 ;L3
ORGANIZAÇOES INTERTNACIONAIS. HISTÓRIA E PRÁTICAS;9790000000000 ;L2
Os Complexos Regionais de Segurança do século XXI - conflitos, agendas e ameaças;9788555072512 ;L1
Os desafios ambientais da Zona Costeira;9790000000000 ;L1
Os desafios da América Latina no século XXI;9788531415395 ;L3
Os Dilemas atuais do Brasil e da América Latina;9788579838149 ;L4
OS ESTADOS UNIDOS E A OMC: REFLEXÕES SOBRE A INFLUÊNCIA DOS EUA NO SISTEMA MULTILATERAL DE COMÉRCIO;9790000000000 ;L3
Os estertores do Código Florestal;9790000000000 ;L1
Os gigantes da Estratégia Naval - Alfred Thayer Mahan e Herbert William Richmond;9788568274286 ;L3
Os Leviatãs estão fora do lugar: democracia, globalização e transformações no papel do Estado 1990-2010;9788541506120 ;L4
Os partidos políticos e a dinâmica da sucessão presidencial de 2002;9790000000000 ;L2
Pacifismo e cooperação nas relações internacionais;9788581470504 ;L1
Panorama socioeconômico e perspectivas para a economia gaúcha;9788571731233 ;L1
Para a crítica do direito: reflexões sobre teorias e práticas jurídicas;9790000000000 ;L2
Para entender o desenvolvimento sustentável;9790000000000 ;L1
Paradoxos da Segurança Cidadã;9788586225963 ;L2
Parcerias Estratégicas do Brasil: a dimensão multilateral e as parcerias emergentes;9788580541 ;L3
PARLAMENTOS ABIERTOS A LA SOCIEDADPARTICIPACIÓN Y MONITORIZACIÓN;999999999999X;L1
Parliamentary dimensions of regionalization and globalization;9780000000000 ;L4
Participação Política na América Latina;9790000000000 ;L3
ParticiPação Política no Brasil: ação coletiva e interfaces socioestatais;9790000000000 ;L1
Particularidades da Política Externa do Governo Lula para a América do Sul;9790000000000 ;L3
Partidos políticos e eleições em perspectivas: ensaios e projetos de pesquisas;9783330749658 ;L1
Partidos políticos e seu regime jurídico: o desenho constitucional dos partidos políticos;987654451X;L1
Patrimônio cultural: identidades coletivas e reivindicações;9788578832599 ;L3
PAZ & TEORIAS DO ESTADO;9788555230882 ;L1
Paz e guerra Defesa e segurança entre as nações;9790000000000 ;L2
Peace Operations in the Francophone World: Global Governance meets Post-Colonialism;9780000000000 ;L3
Pela Mão de Bagé - Processo de Implantação do Observatório da Criminalidade de Bagé/RS a partir da pesquisa-ação em segurança cidadã;9788584430291 ;L1
Pensamento Brasileiro em Defesa:VI ENABED;9790000000000 ;L3
Pensamento comunicacional brasileiro. O legado das Ciências Humanas. Mídia e Consumo.;9790000000000 ;L1
Pensamento diplomático brasileiro: formuladores e agentes de política externa (1750-1964);9790000000000 ;L3
Performances interacionais e mediações sociotécnicas;9790000000000 ;L3
Perspectivas Asiáticas. 50ed.Rio de Janeiro: Centro Celso Furtado;9788561012731 ;L2
Perspectivas e Debates em Segurança, Defesa e Relações Internacionais;9790000000000 ;L2
Perspectivas para o Futuro da União Européia;9790000000000 ;L2
Pesquisa e ensino: ferramentas de gestão pública no RS;9790000000000 ;L2
Pesquisando os Militares Brasileiros. Experiências de cientistas sociais;9788555072208 ;L1
Piégés entre différents univers: une perspective postcoloniale sur la Mission des Nations Unies pour la stabilisation en Haïti (MINUSTAH);9782924142066 ;L3
Plágio e Redação Acadêmica;9788579393303 ;L2
PLANEJAMENTO BRASIL SÉCULO XXI - INOVAÇÃO INSTITUCIONAL E REFUNDAÇÃO ADMINISTRATIVA - elementos para o pensar e o agir -;9788578112608 ;L2
Pluralidade urbana em São Paulo - Vulnerabilidade, marginalidade, ativismos;9788573266184 ;L2
Pode Entrar;2015SP_8305;L1
Poder aéreo: guia de estudos;9788586739927 ;L1
Poder e Autonomia Nacional: guia de estudos Facamp Model United Nations 2015;9790000000000 ;L2
Poder Legislativo e política externa na América Latina;9789877220001 ;L3
Poder, riqueza e moeda na Europa Medieval: a preeminência naval, mercantil e monetária da sereníssima República de Veneza nos séculos XIII e XV.;9790000000000 ;L3
Poderes emergentes y Cooperación Sur-Sur : perspectivas desde el Sur Global;9789877021738 ;L3
Policy Analysis in Brazil;9780000000000 ;L3
Política da Regulação do Setor Elétrico: regras e incentivos institucionais;9790000000000 ;L1
Politica e Desenvolvimento Institucional no Legislativo de Minas Gerais;9788582290408 ;L2
Política e Direito em Norberto Bobbio: luzes para a liberdade a igualdade, a democracia e a república;9790000000000 ;L1
POLÍTICA E INSTITUIÇÕES NO BRASIL;9790000000000 ;L1
Política e literatura: Antonio Gramsci e a crítica italiana;9788579392382 ;L3
Política e Sociedade em cidade de porte médio: o caso de Maringá.;9790000000000 ;L1
Política exterior colombiana: escenarios y desafíos en el posconflitcto.;9789587169034 ;L3
POLÍTICA EXTERNA BRASILEIRA DURANTE O REGIME MILITAR (1964-1985)', ORGANIZADO POR ANDRÉ LUIZ REIS DA SILVA E EDUARDO MUNHOZ SVARTMAN;9790000000000 ;L3
Política externa brasileira, cooperação sul-sul e negociações internacionais;9790000000000 ;L2
POLÍTICA EXTERNA BRASILEIRA: UMA INTRODUÇÃO;9790000000000 ;L3
Política externa e democracia no Brasil: ensaio de interpretação histórica;9790000000000 ;L3
Política Externa e o Poder Legislativo no Brasil pós Redemocratização;9788576003519 ;L3
Política Internacional e Integración Regional Comparada en América Latina;9789977682815 ;L2
Política no Brasil;9788589739078 ;L1
Política, Cultura e Sociedade na América Latina : estudos interdisciplinares e comparativos;9788544408780 ;L1
Política, Cultura e Sociedade na América Latina, volume 2: estudos interdisciplinares e comparativos;9790000000000 ;L2
Políticas culturais e ambientais no Brasil: da normatividade às agências coletivas;9788567442716 ;L3
POLÍTICAS DE DEFESA, INTELIGÊNCIA E SEGURANÇA.;9790000000000 ;L3
Políticas e práticas culturais para a cidade de São Paulo;9788566241099 ;L2
Políticas educacionais e formação de professores: experiências e práticas pedagógicas;9788547302801 ;L1
Políticas públicas de formação e avaliação de leitores, ensino de literatura e leituras. 1ed. Campina Grande: EDUFCG, 2015, v. , p.13-26;9790000000000 ;L1
Políticas Públicas de Proteção aos Direitos Humanos: educação e segurança pública;9790000000000 ;L2
Políticas Públicas de proteção aos direitos humanos: segurança pública;9790000000000 ;L2
Políticas Públicas e desenvolvimento nos municípios de Pelotas e Rio Grande;9790000000000 ;L2
Políticas públicas e hidrelétricas: no Sul do Brasil.;9788571929678 ;L2
Políticas públicas: estudos e casos.;9790000000000 ;L2
Políticas Públicas: Monitoramento, Avaliação, Controle e Participação Social no Governo do Rio Grande do Sul;9788538602750 ;L2
Políticas setoriais e meio ambiente;9788540202627 ;L1
Por que gritamos golpe? Para entender o impeachment e a crise política no Brasil;9788575595008 ;L2
Por uma integração ampliada da América do Sul no século XXI. XII Congresso Internacional FOMERCO;9790000000000 ;L2
Por uma sociedade mais transparente: participação e controle social no Brasil;9790000000000 ;L1
Porto Alegre: transformações na ordem urbana;9790000000000 ;L4
Portos e Comércio Exterior;9788522512935 ;L2
Portugal e as migrações da Europa do Sul para a América do Sul;9790000000000 ;L3
Pós-estruturalismo e teoria do discurso: em torno de Ernesto Laclau.;9790000000000 ;L2
Potencial de agricultura sustentável na Bahia;9790000000000 ;L1
Povos e comunidades tradicionais: nova cartografia social;9788578831806 ;L3
Povos tradicionais em colisão com estratégias empresariais no Maranhão e Pará;9790000000000 ;L3
Povos Tradicionais no Arquipélago do Marajó e Políticas de Ordenamento Territorial e Ambiental;989000000000 ;L1
POWER, REALISM AND CONSTRUCTIVISM;9780000000000 ;L4
PPA 2012 - 2015 : experimentalismo institucional e resistência burocrática;9788578112431 ;L2
PRACTICAL AUTHORITY: AGENCY AND INSTITUTIONAL CHANGE IN BRAZILIAN WATER POLITICS;9780199985272 ;L4
Pragmatismo Jurídico: Fundamentos e Métodos de uma doutrina interdisciplinar (estudos em homenagem ao Prof. George Browne Rego).;9790000000000 ;L1
Práticas e Debates na Formação de Professores de Sociologia/Ciências Sociais;9788578462284 ;L3
PROCESOS POLÍTICOS Y ELECTORALES EN AMÉRICA LATINA (2010-2013);9790000000000 ;L3
Processos identitários e a produção da etnicidade.;979000000000 ;L2
PRODUÇÃO LEGISLATIVA NO BRASIL: VISÃO SISTÊMICA E ESTRATÉGICA NO PRESIDENCIALISMO DE COALIZÃO;9790000000000 ;L1
Produtividade no Brasil: desempenho e determinantes;9790000000000 ;L3
PROENF PROGRAMA DE ATUALIZAÇÃO EM ENFERMAGEM: SAÚDE DO ADULTO;9790000000000 ;L1
PROENF Programa de Atualização em Enfermagem: Saúde do Adulto - ciclo 10/1;9790000000000 ;L1
PROENF Programa de Atualização em Enfermagem: Saúde do Adulto - ciclo 10/2;9790000000000 ;L1
PROENF Programa de Atualização em Enfermagem: Saúde do Adulto - ciclo 10/3;9790000000000 ;L1
PROENF Programa de Atualização em Enfermagem: Saúde do Adulto - ciclo 10/4;9790000000000 ;L1
PROENF PROGRAMA DE ATUALIZAÇÃO EM ENFERMAGEM: SAÚDE DO ADULTO - CICLO 9;9790000000000 ;L1
PROENF PROGRAMA DE ATUALIZAÇÃO EM ENFERMAGEM: SAÚDE DO ADULTO - CICLO 9;9790000000000 ;L1
PROENF PROGRAMA DE ATUALIZAÇÃO EM ENFERMAGEM: SAÚDE DO ADULTO - CICLO 9;9790000000000 ;L1
Professor Oliveiros Ferreira;9788531415326 ;L1
Progress in International Business Research;9781784414221 ;L3
Promoción de la alfabetización académica en la carrera de Ciencia Política;9790000000000 ;L2
Protecting Labour Rights in a Multi-polar Supply Chain and Mobile Global Economy;9790000000000 ;L3
Providing Peacekeepers: The Politics, Challenges, and Future of United Nations Peacekeeping Contributions;9780199672 ;L4
PSDB e PT em eleições nacionais: fatores geográficos, políticos e socioeconômicos na polarização partidária no Brasil (1994 e 2014);9788591519521 ;L4
PT PIAUI 1980-2006: TRAJETÓRIA E MUDANÇA NA ESTRUTURA ORGANIZACIONAL;9790000000000 ;L1
Qual Democracia para a América latina ? Capital social e empoderamento são a resposta ?;9790000000000 ;L2
Qualidade da Democracia em Perspectiva Comparada na América Latina.;9790000000000 ;L2
Race, Politics, and Education in Brazil;9780000000000 ;L3
Reaching Across the Pacific: Latin America and Asia in the New Century;9780000000000 ;L2
REALIDADE E PERSPECTIVAS DO TRABALHO DECENTE NO ESTADO DE SÃO PAULO;9780000000000 ;L1
Redirecionamento da Política Externa: uma análise comparativa entre os Governos Castello Branco e Fernando Collor;8579392306 ;L2
Reflexões da Economia política para um Direito econômico brasileiro;9790000000000 ;L1
Reflexões de Economistas Baianos 2016;9788562004100 ;L1
Reflexões sobre a Convenção do Direito do Mar;9790000000000 ;L3
Reforma Política Democrática;9790000000000 ;L1
REFORMA POLÍTICA DEMOCRÁTICA temas, atores e desafios;9790000000000 ;L1
REFORMA POLÍTICA E COLIGAÇÕES ELEITORAIS;9790000000000 ;L1
Reformas las organizaciones de partidos en America Latina (1978 - 2015);9786124713408 ;L3
Refúgios e migrações: práticas e narrativas;9788599608142 ;L2
Regional Organization and social policy in Europe and latina America - A space for social citzenship?;9781137490346 ;L3
Regional Organizations, Conflict Resolution and Mediation in South America.;9783319475301 ;L3
Relações Brasil-Alemanha;9790000000000 ;L1
RELAÇÕES GOVERNAMENTAIS: INTERAGINDO DEMOCRATICAMENTE NO PROCESSO DECISÓRIO BRASILEIRO;8539903431 ;L1
Relações Internacionais Cibernéticas (CiberRI): oportunidades e desafios para os Estudos Estratégicos e de Segurança Internacional.;9788541506335 ;L3
Relações Internacionais Contemporâneas;9788561868703 ;L1
Relações internacionais contemporâneas :novos protagonistas e novas conjunturas;9790000000000 ;L4
Relações Internacionais Contemporâneas 2012/2: Estudos de Caso em Política Externa e de Segurança.;9790000000000 ;L1
Relaçoes Internacionais Contemporâneas: teorias e desafios;9790000000000 ;L2
Relações Internacionais Contemporâneas: Visões Brasileiras;9788581922317 ;L2
RELAÇÕES INTERNACIONAIS DA AMÉRICA LATINA: DE 1930 AOS NOSSOS DIAS;9790000000000 ;L3
Relações Internacionais da Ásia e da África;9790000000000 ;L1
Relações Internacionais e Movimentos Anti-Sistêmicos no Sistema-Mundo Contemporâneo;978856879301 ;L1
Relações Internacionais em Debate - Volume 1;9790000000000 ;L1
Relações Internacionais. Olhares cruzados;9790000000000 ;L3
Releitura dos Acordos da OMC como Interpretados pelo Órgão de Apelação.;9788566977 ;L2
Religião e Relações Internacionais: dos debates teóricos ao papel do cristianismo e do Islã;9788536258584 ;L1
Religião, Cultura e Espaço Público;9788576420330 ;L2
Religion in the Neoliberal Age: Political Economy and Modes of Governance;9780000000000 ;L3
Repensando a Cooperação Internacional para o Desenvolvimento;9790000000000 ;L2
Repensando la integración y las integraciones;9790000000000 ;L2
REPRESENTAÇÃO ALÉM DAS ELEIÇÕES: REPENSANDO AS FRONTEIRAS ENTRE ESTADO E SOCIEDADE;9790000000000 ;L3
REPRESENTACIÓN Y PARTICIPACIÓN DEMOCRÁTICA EN LOS ESPACIOS LOCALIS;9789872677664 ;L2
REPRESENTAÇÕES SOCIAIS EM MOVIMENTO - PSICOLOGIA DO ATIVISMO POLITICO;9788574309897 ;L2
República, democracia e desenvolvimento - contribuições ao Estado brasileiro;9790000000000 ;L2
Residuos;9880000000000 ;L1
Resilience of regionalism in Latin America and the Caribbean;9780000000000 ;L2
Resistência e fé: Narrativas de um quilombola;9788599274354 ;L3
RESPONSIVIDADE DEMOCRÁTICA NO BRASIL DE LULA E NA ARGENTINA DOS KIRCHNER;9790000000000 ;L2
Rethinking Foreign Policy;9780000000000 ;L2
Retratos da classe política brasileira: estudos de Ciência Política;9790000000000 ;L1
Reunión Internacional sobre Formación de las Elites : enfoques y avances de investigación en el estudio relacional de las desigualdades;9790000000000 ;L2
Revisitando as frentes de expansão - Coleção Aula inaugurais;9788599274491 ;L1
Revolução Coreana;9790000000000 ;L1
REVOLUÇÕES E REGIMES MARXISTAS: RUPTURAS, EXPERIÊNCIAS E IMPACTO INTERNACIONAL;9790000000000 ;L1
"RIBEIRO, G. L. (Org.) ; VIOLA, Eduardo (Org.) ; DWYER, T (Org.) ; BORGES, A. (Org.) . Desafios Sociais, Políticos e Culturais dos BRICS. 1. ed. Sao Paulo: ANPOCS, 2014. v. 1. 268p";9790000000000 ;L4
RURAL, AGRÁRIO, NAÇÃO REFLEXÕES SOBRE POLÍTICAS E PROCESSOS DE DESENVOLVIMENTO NA ERA DA GLOBALIZAÇÃO;9790000000000 ;L3
São Paulo in the twenty-first century: spaces, heterogeneities, inequalities;9781138655607 ;L4
Saúde e políticas sociais no Rio de Janeiro;9788575414750 ;L2
SEgurança Cidadã;9790000000000 ;L1
Segurança Contemporânea;9789896930547 ;L2
SEGURANÇA E DEFESA CIBERNÉTICA DA FRONTEIRA FÍSICA AOS MUROS VIRTUAIS;978854150459 ;L3
Segurança, Liberdade e Política: Pensar a Escola de Copenhaga em Português;9790000000000 ;L3
Sem diplomacia: Um mundo de equilíbrios precários;9790000000000 ;L2
SÉRIE EDUCAÇÃO PROFISSIONAL-SMS-FUNDAMENTOS EM SEGURANÇA, MEIO AMBIENTE E SAÚDE;9790000000000 ;L1
SISTEMA INTERNACIONAL DE HEGEMONIA CONSERVADORA: GOVERNANÇA GLOBAL E DEMOCRACIA NA ERA DA CRISE CLIMATICA;9790000000000 ;L1
Sistema político brasileiro: uma introdução;9790000000000 ;L3
Sistema político brasileiro: uma introdução (terceira edição);9790000000000 ;L3
Sob o céu das valquírias: as concepções de heroísmo e honra dos pilotos de caça na grande guerra (1914-18);9790000000000 ;L2
Sobe e Desce: Explicando a Cooperação em Defesa na América do Sul.;9790000000000 ;L4
Social Movement Dynamics: New Perspectives on Theory Research from Latin America;9780000000000 ;L2
Social Movements in Latin America: New Theoretical Trends and Lessons From A Mobilized Region;9780000000000 ;L2
Sociedad y servicios ecosistémicos - Perspectivas desde la minería, los megaprojectos y la educacion ambiental;9790000000000 ;L2
Sociedade - Política - Estudos Estratégicos;9790000000000 ;L1
Sociedade Civil e Instituições Políticas no Brasil;9788550901053 ;L1
Sociedade civil e políticas públicas no Brasil: atores e instituições no Brasil contemporâneo;9878578971427 ;L2
SOUTH AMERICA AND PEACE OPERATIONS: COMING OF AGE;9780000000000 ;L4
Sugestões para o desenvolvimento urbano 2015. 1ed.Brasília - DF: Edições Câmara, 2015, v. 1, p. 175-199.;9790000000000 ;L1
Summits and Regional Governance. The Americas in Comparative Perspective;9781138831940 ;L3
Surmounting the middle trap: the main issues for Brazil;9790000000000 ;L4
Temas avançados de direito internacional e direitos humanos;9788562756535 ;L2
TEMAS DE DIREITO ELEITORAL;9790000000000 ;L1
Temas Interdisciplinares em Direito;9788555122323 ;L1
Tendências regulatórias nos acordos preferenciais de comércio no século XXI: os casos de Estados Unidos, União Europeia, China e Índia;9788578111694 ;L1
TEORIA CONSTITUCIONAL CRÍTICA DAS INSTITUIÇÕES DO SISTEMA DE JUSTIÇA;9788578625931 ;L1
Teoria da Justiça de John Rawls: tensão entre procedimentalismo puro (universalismo) e procedimentalismo perfeito (contextualismo);9788536249964 ;L2
Teoria das Relações Internacionais;9790000000000 ;L3
Teoria das relações internacionais o mapa do caminho estudo e prática;9788550800257 ;L3
Teoria das relações internacionais: As questões mundiais em debate;9790000000000 ;L3
Teoria de Relações Internacionais;9788559720839 ;L2
Teoría y práctica de la paradiplomacia;9790000000000 ;L4
Teorias Contemporâneas do Direito: O Direito e as Incertezas Normativas;9788536266145 ;L1
Teorias da Democracia e Direitos Políticos;9790000000000 ;L1
Teorias e práticas sociológicas;9788575490808 ;L2
Terra: qualidade de vida, segurança e mobilidade nas cidades;9788523706 ;L1
Terrorismo de Estado;9790000000000 ;L1
The BRICS and Coexistence An Alternative Vision of World Order;9780000000000 ;L4
The BRICS in International Development;9781137556455 ;L4
The Democratization of International Institutions.;9780000000000 ;L3
The Encyclopedia of Global Human Migration;9780000000000 ;L2
The enlarged European Union in a time of new challenges;978857501890X;L4
The Human Right to Citizenship A Slippery Concept;9780000000000 ;L3
The International Encyclopedia of Political Communication;9781118290750 ;L2
The International Encyclopedia of Political Communication;9780000000000 ;L2
"The Legitimacy of Regional Integration in Europe and the Americas - Achim Hurrelmann; Steffen Schneider";9780000000000 ;L3
The Metropolis of Rio de Janeiro: a space in transition;9790000000000 ;L4
The Oxford Handbook of U.N. Peacekeeping Operations;9780000000000 ;L3
The Palgrave Handbook of Critical International Political Economy;9781137500175 ;L3
The Palgrave Handbook of Disciplinary and Regional Approaches to Peace;9781137407597 ;L3
The Political economy of brazilian foreign policy;9790000000000 ;L4
THE POLITICAL SYSTEM OF BRAZIL;9783642400230 ;L3
The return of the public in Global Governance;1107052955 ;L3
TIC Governo Eletrônico 2015: Pesquisa sobre o uso das tecnologias de informação e comunicação no setor público brasileiro;9788555590252 ;L1
Título do livro: Religião e Relações Internacionais: dos debates teóricos ao papel do Cristianismo e do Islã;9788536258584 ;L1
Tópicos Essenciais sobre Gestão Pública;9788572851558 ;L1
Trabalho e Experiências Emancipatórias - economia solidária e construção de direitos com os trabalhadores e as populações tradicionais;9790000000000 ;L1
Trabalho, trajetórias e identidades: qualificação, deslocamentos e crises;9790000000000 ;L2
Trabalhos em Curso 1;9788593053016 ;L1
Traditionell Besetztes Land In Brasilien;9780000000000 ;L2
Tráfico de pessoas;9790000000000 ;L1
Tráfico de Pessoas: uma abordagem para os direitos humanos https://www.dropbox.com/s/xnibihwvqkvelaa/Cartilha_TSH.PDF;9790000000000 ;L1
Trajetórias das desigualdades - Como o Brasil mudou nos últimos cinquenta anos.1a ed.São Paulo;9790000000000 ;L2
Trilhas Pecorridas Por Uma Militante Quilombola: Vida, Luta e Resistência!;978859927439 ;L2
Um olhar territorial para o desenvolvimento: Amazônia;9790000000000 ;L2
Uma Avaliação da Economia Gaúcha no período 1960-1985.;9790000000000 ;L1
Uma introdução à teoria da democracia;9788559721928 ;L2
Uma parceria em construção: As relações entre França e Brasil, 1945-2000;9788580541 ;L4
Understanding Brazil-United States Relations - CONTEMPORARY HISTORY, CURRENT COMPLEXITIES AND PROSPECTS FOR TH 21ST CENTURY;E9788576314424;L2
Understanding Southern Social Movements;9781138898004 ;L3
Unexpected Outcomes: How Emerging Economies Survived the Global Financial Crisis;9780815724766 ;L3
União Europeia, Brasil e os Desafios da Agenda do Desenvolvimento Sustentável;9788575041970 ;L3
US NATIONAL SECURITY CONCERNS IN LATIN AMERICA AND THE CARIBBEAN;9780000000000 ;L3
V JUBRA: Territórios interculturais de juventude.;9780000000000 ;L3
Verfassungsevolution in der Weltgesellschaft: Differenzierungsprobleme des Rechts und der Politik im Zeitalter der Global Governance;9783832976 ;L3
Versões e Ponderações;9788584380275 ;L2
Violência e Armas de Fogo em Portugal;9789724065816 ;L3
VIOLÊNCIA NAS ESCOLAS: em busca de uma cultura da não violência;9790000000000 ;L1
Visões da América: A História dos EUA discutida por pesquisadores brasileiros;978858273 ;L1
Visões do Sul : crise e transformações do sistema internacional - vol. 02;9788579837937 ;L2
Visões do Sul: crise e transformações do Sistema Internacional. Volume 1.;9788579837906 ;L2
Vocações econômicas e formação técnica no estado de São Paulo;9790000000000 ;L1
Voto e estratégias de comunicação política na América Latina.;9790000000000 ;L3
Vozes do Bolsa Família;9790000000000 ;L4
Weapons in International Law: The Arms Trade Treaty;9780000000000 ;L2
X Conference of Forte de Copacabana International Security A Euopean-South American Dialogue - Brazil Emerging in the Global Security Order;9770000000000 ;NC
